<modDesc descVersion="65">
	<author>Fetty42</author>
	<version>1.1.0.0</version>
	<title>
        <en>VIP Order Manager</en>
		<de>VIP Auftrags Manager</de>
    </title>
    <description>
        <de><![CDATA[Der VIP Order Manager bietet dem Landwirt VIP Aufträge an, die aus mehreren zu liefernden Produkten bestehen. 
Pro Produkt mit expliziter Vorgabe der zu liefernden Menge und des Zielortes. Zusätzlich zum aktuellen VIP Auftrag kann man auch bereits die nächsten drei folgenden VIP Aufträge sehen.
Es kann aber nur der aktuelle Auftrag beliefert werden.

Mit STRG rechts + O wird der aktuelle Auftrag für einige Sekunden eingeblendet. Mit ALT rechts + O wird die Übersicht über alle VIP Aufträge angezeigt.
In dieser Ansicht kann man auch den aktuellen VIP Auftrag gegen eine Gebühr, für die noch nicht erfüllten Teilaufträge, abbrechen.

Mit jedem VIP Auftrag wird der aktuelle Level erhöht und damit auch die Anzahl der enthaltenen Einzelaufträge und die zu liefernden Mengen erhöht und die Erlöse verringert. 
Auch die im Besitz befindliche Fläche wird bei der Berechnung berücksichtigt. Mit steigendem Level werden auch weitere Produkte berücksichtigt. 
Da ich selbst lieber mit kleinen Feldern spiele, ist die Berechnung hierauf optimiert.

Bereits mit dem LS19 hatte ich angefangen den VIP Order Manager zu entwickeln, um so etwas wie Kampagnen abzubilden. Ich wollte das Spiel etwas interessanter gestalten, 
in dem mir Vorgegeben wird, was ich anbauen muss.
Die Multiplayer-Kompatibilität habe ich nicht geteset.

Ich möchte auch noch all den anderen Moddern danken, aus deren Mods ich mir im Laufe der Zeit viele Anregungen und Lösungsansätze holen konnte.

Für Fehlermeldungen oder Anregungen besucht bitte: https://github.com/Fetty42/FS22_VIPOrderManager

Update 1.1.0
- Berücksichtigung von bereits eigenen Tierhaltungen und Produktionen
- erste kleine Multiplayer-Anpassungen (noch nicht multiplayerkompatibel)]]></de>
		<en><![CDATA[The VIP Order Manager offers the farmer VIP orders consisting of several products to be delivered. 
For each product with explicit specification of the quantity to be delivered and the destination. In addition to the current VIP order, the next three VIP orders to follow can also be seen.
However, only the current order can be delivered.

With CTRL right + O the current order is displayed for a few seconds. ALT right + O displays the overview of all VIP Orders.
In this view, you can also cancel the current VIP Order for a fee for the partial orders that have not yet been fulfilled.

With each VIP Order, the current level is increased and thus also the number of individual orders contained and the quantities to be delivered are increased and the revenues are reduced. 
The area owned is also taken into account in the calculation. As the level increases, more products are also taken into account. 
Since I prefer to play with small fields myself, the calculation is optimised for this.

Already with FS19, I had started to develop the VIP Order Manager to represent something like campaigns. I wanted to make the game a little more interesting, 
by telling me what I have to grow.
I have not tested the multiplayer compatibility.

I would also like to thank all the other modders whose mods have given me many ideas and solutions over the time.

For any error messages or suggestions, please visit: https://github.com/Fetty42/FS22_VIPOrderManager

Update 1.1.0
-  Consideration of already own animal husbandries and productions
-  first smal multiplayer adjustments (not yet multiplayer compatible)]]></en>
		<fr><![CDATA[Le VIP Order Manager propose à l'agriculteur des commandes VIP composées de plusieurs produits à livrer. 
Pour chaque produit, la quantité à livrer et le lieu de destination sont explicitement indiqués. En plus de l'ordre VIP actuel, on peut déjà voir les trois prochains ordres VIP.
Mais seule la commande actuelle peut être livrée.

Avec CTRL droite + O, la commande actuelle est affichée pendant quelques secondes. ALT droite + O permet d'afficher la vue d'ensemble de toutes les commandes VIP.
Dans cette vue, il est également possible d'annuler la commande VIP actuelle moyennant une taxe pour les commandes partielles non encore exécutées.

Avec chaque commande VIP, le niveau actuel est augmenté et donc le nombre de commandes individuelles contenues et les quantités à livrer augmentent et les recettes diminuent. 
La surface détenue est également prise en compte dans le calcul. Au fur et à mesure que le niveau augmente, d'autres produits sont également pris en compte. 
Comme je préfère jouer avec de petites parcelles, le calcul est optimisé à cet effet.

Avec LS19, j'avais déjà commencé à développer le VIP Order Manager pour représenter quelque chose comme des campagnes. Je voulais rendre le jeu un peu plus intéressant, 
en me donnant des indications sur ce que je dois cultiver.
Je n'ai pas testé la compatibilité multijoueur.

Je voudrais aussi remercier tous les autres moddeurs, dont les mods m'ont donné beaucoup d'idées et de solutions au fil du temps.

Pour les messages d'erreur ou les suggestions, veuillez visiter : https://github.com/Fetty42/FS22_VIPOrderManager

Update 1.1.0
- Prise en compte des élevages et des productions déjà propres à l'entreprise
- premières petites adaptations multijoueurs (pas encore compatibles avec le multijoueur)]]></fr>
    </description>
	
	<iconFilename>icon.dds</iconFilename>
	<multiplayer supported="true" />
	<extraSourceFiles>
		<sourceFile filename="VIPOrderManager.lua" />
	</extraSourceFiles>    
	<actions>
    	<action name="ShowCurrentVIPOrder" category="PLAYER VEHICLE" />
      	<action name="ShowVIPOrderDlg" category="PLAYER VEHICLE" />
  	</actions>	
  	<inputBinding>
      	<actionBinding action="ShowCurrentVIPOrder">
        	<binding device="KB_MOUSE_DEFAULT" input="KEY_rctrl KEY_o" />
      	</actionBinding>
      	<actionBinding action="ShowVIPOrderDlg">
        	<binding device="KB_MOUSE_DEFAULT" input="KEY_ralt KEY_o" />
      	</actionBinding>
  	</inputBinding>	
	<l10n>
		<text name="input_ShowCurrentVIPOrder">
			<de>Durchblättern VIP Aufträge</de>
			<en>Flip VIP Orders</en>
		</text>		
		<text name="input_ShowVIPOrderDlg">
			<de>Anzeige des VIP Auftragsdialogs</de>
			<en>Shows VIP Orders Dialog</en>
		</text>

	<!-- Abort Dlg -->
		<text name="VIPOrderManager_DlgTitel_AbortCurrentVIPOrder">
			<de>Abbruch aktuellen VIP Auftrag</de>
			<en>Aborting current VIP Orders</en>
		</text>
		<text name="VIPOrderManager_DlgMsg_AbortCurrentVIPOrder">
			<de>Du musst eine Abbruchgebühr von %s bezahlen. Für die bereits abgeschlossenen Teilaufträge erhältst du %s.</de>
			<en>You have to pay a aborting fee of %s. For the already completed partial orders you will receive %s.</en>
		</text>

	<!-- HUD -->
		<text name="VIPOrderManager_CurrentVIPOrder">
			<de>Aktueller VIP Auftrag</de>
			<en>Current VIP Order</en>
		</text>
		<text name="VIPOrderManager_NextVIPOrder">
			<de>Nächster VIP Auftrag</de>
			<en>Next VIP Order</en>
		</text>
		<text name="VIPOrderManager_Payout">
			<de>Auszahlung: %s</de>
			<en>Payout: %s</en>
		</text>
		<text name="VIPOrderManager_OrderCompleted">
			<de>Der aktuelle VIP-Auftrag wurde abgeschlossen.</de>
			<en>Current VIP order was completed.</en>
		</text>

	<!-- Neuer Dlg -->
        <text name="ui_orderDlg_title">
			<de>Übersicht der VIP-Aufträge</de>
			<en>Overview VIP Orders</en>
		</text>		
        <text name="ui_orderDlg_header_product">
			<de>Produkt</de>	
			<en>Product</en>
        </text>		
        <text name="ui_orderDlg_header_requested">
			<de>Angefordert</de>	
			<en>Requested</en>
        </text>		
        <text name="ui_orderDlg_header_delivered">
			<de>Geliefert</de>
			<en>Delivered</en>
        </text>		
        <text name="ui_orderDlg_header_payout">
			<de>Auszahlung</de>	
			<en>Payout</en>
        </text>		
        <text name="ui_orderDlg_header_station">
			<de>Lieferstation</de>	
			<en>Delivery station</en>
        </text>		
        <text name="ui_orderDlg_btnClose">
			<de>Schließen</de>	
			<en>Close</en>
		</text>		
        <text name="ui_orderDlg_btnAbort">
			<de>Abbruch des aktuellen VIP Auftrags</de>	
			<en>Abort current VIP Order</en>
		</text>		
        <text name="ui_orderDlg_section_active">
			<de>Level %s - Auszahlung: %s (Aktiv)</de>	
			<en>Level %s - Payout: %s (Active)</en>
		</text>		
        <text name="ui_orderDlg_section_notactive">
			<de>Level %s - Auszahlung: %s</de>	
			<en>Level %s - Payout: %s</en>
		</text>		
	</l10n>
</modDesc>