<modDesc descVersion="79">
	<author>Fetty42</author>
	<version>1.3.3.0</version>
	<title>
		<en>VIP Order Manager</en>
		<de>VIP Auftrags Manager</de>
		<fr>Gestionnaire De Commandes VIP</fr>
		<ru>Менеджер VIP-заказов</ru>
    </title>
    <description>
        <de><![CDATA[Der VIP Order Manager bietet dem Landwirt VIP Aufträge an, die aus mehreren zu liefernden Produkten bestehen. 
Pro Produkt mit expliziter Vorgabe der zu liefernden Menge und des Zielortes. Zusätzlich zum aktuellen VIP Auftrag kann man auch bereits die nächsten drei folgenden VIP Aufträge sehen.
Es kann aber nur der aktuelle Auftrag beliefert werden.

Mit STRG rechts + O wird der aktuelle Auftrag für einige Sekunden eingeblendet. Mit ALT rechts + O wird die Übersicht über alle VIP Aufträge angezeigt.
In dieser Ansicht kann man auch den aktuellen VIP Auftrag gegen eine Gebühr, für die noch nicht erfüllten Teilaufträge, abbrechen.

Mit jedem VIP Auftrag wird der aktuelle Level erhöht und damit auch die Anzahl der enthaltenen Einzelaufträge und die zu liefernden Mengen erhöht und die Erlöse verringert. 
Auch die im Besitz befindliche Fläche wird bei der Berechnung berücksichtigt. Mit steigendem Level werden auch weitere Produkte berücksichtigt. 
Da ich selbst lieber mit kleinen Feldern spiele, ist die Berechnung hierauf optimiert.

Bereits mit dem LS19 hatte ich angefangen den VIP Order Manager zu entwickeln, um so etwas wie Kampagnen abzubilden. Ich wollte das Spiel etwas interessanter gestalten, 
in dem mir Vorgegeben wird, was ich anbauen muss.

Multiplayer wird derzeit nicht unterstützt. 

Ich möchte auch noch all den anderen Moddern danken, aus deren Mods ich mir im Laufe der Zeit viele Anregungen und Lösungsansätze holen konnte.

Für Fehlermeldungen oder Anregungen besucht bitte: https://github.com/Fetty42/FS22_VIPOrderManager

Update 1.3.3
- kleinere Codekorrekturen
- in seltenen Fällen waren die Tastenaktionen nicht verfügbar

Update 1.3.2
- Implementierung des Schalters "isAnimalOrdersWished"
  Um die Tieraufträge zu deaktivieren, bitte einen der folgenden Schritte durchführen: 
  - Im MOD-Ordner die ZIP-Datei FS22_VIPOrderManager.zip öffen und in der Datei VIPOrderManagerDefaults.lua in der 5. Zeile "isAnimalOrdersWished= true" durch "isAnimalOrdersWished= false" ersetzen
  oder
  - Nach dem Abspeichern des relevanten Spielstandes mit der neuen VIPOrderManager Version, im zugehörigen "savegame" Verzeichnis die Datei "VIPOrderManager.xml" öffnen und in der 5. Zeile "<isAnimalOrdersWished>true" durch "<isAnimalOrdersWished>false" ersetzen. Ist dann aber nur für diesen Spielstand deaktiviert.

Update 1.3.1
- Korrektur der nicht sichtbaren Spaltenüberschriften
- kleinere Anpassungen an der Konfiguration

Update 1.3.0
- Ein Zielstandort kann jetzt markiert werden (Hotspot)
- Tieraufträge werden jetzt unterstützt (Verkauf erfolgt um 8 Uhr morgens automatisch, wenn das angeforderte Alter erreicht ist; Gesundheit der Tiere muss bei mindestens 75% liegen)
- Französische Übersetzung vervollständigt (Danke an BOB51160)

Update 1.2.0
- Unterstützung für MaizePlus
- Wahrscheinlichkeiten für die Verwendung von jeweiligen Fülltypen
- Übersetzung ins Russische (Dank an Gonimy-Vetrom)

Update 1.1.1
- Probleme mit eigenen Verkaufsstationen und Produktionen behoben

Update 1.1.0
- Berücksichtigung von bereits eigenen Tierhaltungen und Produktionen
- erste kleine Multiplayer-Anpassungen (noch nicht multiplayerkompatibel)]]></de>

		<en><![CDATA[The VIP Order Manager offers the farmer VIP orders consisting of several products to be delivered. 
For each product with explicit specification of the quantity to be delivered and the destination. In addition to the current VIP order, the next three VIP orders to follow can also be seen.
However, only the current order can be delivered.

With CTRL right + O the current order is displayed for a few seconds. ALT right + O displays the overview of all VIP Orders.
In this view, you can also cancel the current VIP Order for a fee for the partial orders that have not yet been fulfilled.

With each VIP Order, the current level is increased and thus also the number of individual orders contained and the quantities to be delivered are increased and the revenues are reduced. 
The area owned is also taken into account in the calculation. As the level increases, more products are also taken into account. 
Since I prefer to play with small fields myself, the calculation is optimised for this.

Already with FS19, I had started to develop the VIP Order Manager to represent something like campaigns. I wanted to make the game a little more interesting, 
by telling me what I have to grow.

Multiplayer is currently not supported. 

I would also like to thank all the other modders whose mods have given me many ideas and solutions over the time.

For any error messages or suggestions, please visit: https://github.com/Fetty42/FS22_VIPOrderManager

Update 1.3.3
- small code corrections
- in rare cases the key actions were not available

Update 1.3.2
- Implementation of the switch "isAnimalOrdersWished"
  To disable animal orders, please do one of the following steps: 
  - In the MOD folder open the ZIP file FS22_VIPOrderManager.zip and in the file VIPOrderManagerDefaults.lua in the 5th line replace "isAnimalOrdersWished= true" with "isAnimalOrdersWished= false"
  or
  - After saving the relevant game state with the new VIPOrderManager version, open the file "VIPOrderManager.xml" in the associated "savegame" directory and replace in the 5th line "<isAnimalOrdersWished>true" with "<isAnimalOrdersWished>false". Is then but only deactivated for this savegame

Translated with www.DeepL.com/Translator (free version)
Update 1.3.1
- Correction of the invisible column headers
- Minor adjustments to the configuration

Update 1.3.0
- A target location can now be marked (hotspot)
- Animal orders are now supported (sale takes place automatically at 8 a.m. when the requested age is reached; health of the animals must be at least 75%)
- French translation completed (thanks to BOB51160)

Update 1.2.0
- Support for MaizePlus
- Probabilities for the use of specific fill types
- Translation into Russian (thanks to Gonimy-Vetrom)

Update 1.1.1
- Fixed problems with own selling stations and productions

Update 1.1.0
-  Consideration of already own animal husbandries and productions
-  first smal multiplayer adjustments (not yet multiplayer compatible)]]></en>

		<fr><![CDATA[Le VIP Order Manager propose à l'agriculteur des commandes VIP composées de plusieurs produits à livrer. 
Pour chaque produit, la quantité à livrer et le lieu de destination sont explicitement indiqués. En plus de l'ordre VIP actuel, on peut déjà voir les trois prochains ordres VIP.
Mais seule la commande actuelle peut être livrée.

Avec CTRL droite + O, la commande actuelle est affichée pendant quelques secondes. ALT droite + O permet d'afficher la vue d'ensemble de toutes les commandes VIP.
Dans cette vue, il est également possible d'annuler la commande VIP actuelle moyennant une taxe pour les commandes partielles non encore exécutées.

Avec chaque commande VIP, le niveau actuel est augmenté et donc le nombre de commandes individuelles contenues et les quantités à livrer augmentent et les recettes diminuent. 
La surface détenue est également prise en compte dans le calcul. Au fur et à mesure que le niveau augmente, d'autres produits sont également pris en compte. 
Comme je préfère jouer avec de petites parcelles, le calcul est optimisé à cet effet.

Avec LS19, j'avais déjà commencé à développer le VIP Order Manager pour représenter quelque chose comme des campagnes. Je voulais rendre le jeu un peu plus intéressant, 
en me donnant des indications sur ce que je dois cultiver.

Je n'ai pas testé la compatibilité multijoueur.

Je voudrais aussi remercier tous les autres moddeurs, dont les mods m'ont donné beaucoup d'idées et de solutions au fil du temps.

Pour les messages d'erreur ou les suggestions, veuillez visiter : https://github.com/Fetty42/FS22_VIPOrderManager

Update 1.3.3
- corrections mineures du code
- dans de rares cas, les actions des touches n'étaient pas disponibles

Update 1.3.2
- Implémentation du commutateur "isAnimalOrdersWished"
  Pour désactiver les commandes d'animaux, veuillez suivre l'une des étapes suivantes:
  - dans le dossier MOD, ouvrir le fichier ZIP FS22_VIPOrderManager.zip et remplacer "isAnimalOrdersWished= true" par "isAnimalOrdersWished= false" dans la 5e ligne du fichier VIPOrderManagerDefaults.lua
  ou
  - Après avoir sauvegardé le score pertinent avec la nouvelle version de VIPOrderManager, ouvrez le fichier "VIPOrderManager.xml" dans le répertoire "savegame" correspondant et remplacez "<isAnimalOrdersWished>true" par "<isAnimalOrdersWished>false" à la 5e ligne. Mais cela ne sera désactivé que pour cette sauvegarde

Update 1.3.1
- correction des en-têtes de colonnes non visibles
- ajustements mineurs de la configuration

Update 1.3.0
- Il est désormais possible de marquer un site cible (hotspot)
- Les commandes d'animaux sont désormais prises en charge (la vente a lieu automatiquement à 8 heures du matin lorsque l'âge demandé est atteint ; la santé des animaux doit être d'au moins 75%)
- Traduction française complétée (merci à BOB51160)

Update 1.2.0
- Prise en charge de MaizePlus
- Probabilités d'utilisation de chaque type de remplissage
- Traduction en russe (merci à Gonimy-Vetrom)

Update 1.1.1
- Correction de problèmes avec les propres points de vente et productions

Update 1.1.0
- Prise en compte des élevages et des productions déjà propres à l'entreprise
- premières petites adaptations multijoueurs (pas encore compatibles avec le multijoueur)]]></fr>

	    	<it><![CDATA[Il VIP Order Manager offre all'agricoltore ordini VIP composti da diversi prodotti da consegnare. 
Per ogni prodotto sono esplicitamente indicati la quantità da consegnare e il luogo di destinazione. Oltre all'ordine VIP corrente, puoi già vedere i successivi tre ordini.
Tuttavia, solo l'ordine corrente può essere consegnato.

Con CTRL destro + O viene visualizzato per alcuni secondi l'ordine corrente. ALT destra + O mostra la panoramica di tutti gli ordini VIP.
In questa visualizzazione, puoi anche annullare l'Ordine VIP in corso pagando una commissione per gli ordini parziali che non sono ancora stati evasi.

Con ogni ordine VIP si aumenta il livello attuale e quindi si aumenta anche il numero dei singoli ordini contenuti e le quantità da consegnare e si riducono i ricavi. 
Nel calcolo si tiene conto anche dell'area di proprietà. All'aumentare del livello, vengono presi in considerazione anche più prodotti. 
Since I prefer to play with small fields myself, the calculation is optimised for this.

Già con FS19, avevo iniziato a sviluppare il VIP Order Manager per rappresentare qualcosa di simile alle campagne. Volevo rendere il gioco un po' più interessante,
dicendomi cosa devo coltivare.

Le multijoueur n'est pas pris en charge pour le moment. 

Vorrei anche ringraziare tutti gli altri modder le cui mod mi hanno dato molte idee e soluzioni nel tempo.

Per eventuali messaggi di errore o suggerimenti, visitare: https://github.com/Fetty42/FS22_VIPOrderManager

Update 1.3.3
- Correzioni minori del codice
- in rari casi le azioni chiave non erano disponibili

Update 1.3.2
- Implementazione dell'interruttore "isAnimalOrdersWished
  Per disattivare gli ordini di animali, eseguire una delle seguenti operazioni: 
  - Aprire il file ZIP FS22_VIPOrderManager.zip nella cartella MOD e sostituire "isAnimalOrdersWished= true" con "isAnimalOrdersWished= false" nella quinta riga del file VIPOrderManagerDefaults.lua
  oppure
  - Dopo aver salvato lo stato di gioco con la nuova versione di VIPOrderManager, aprire il file "VIPOrderManager.xml" nella corrispondente directory "savegame" e sostituire "<isAnimalOrdersWished>true" con "<isAnimalOrdersWished>false" nella quinta riga. Tuttavia, questo viene disattivato solo per questo punteggio

Update 1.3.1
- Correzione delle intestazioni invisibili delle colonne
- Piccole modifiche alla configurazione

Update 1.3.0
- È ora possibile contrassegnare un luogo di destinazione (hotspot)
- Gli ordini di animali sono ora supportati (la vendita avviene automaticamente alle 8 del mattino al raggiungimento dell'età richiesta; lo stato di salute degli animali deve essere almeno del 75%)
- Traduzione francese completata (grazie a BOB51160)

Update 1.2.0
- Supporto per MaizePlus
- Probabilità di utilizzo dei rispettivi tipi di riempimento
- Traduzione in russo (grazie a Gonimy-Vetrom)

Update 1.1.1
- Problemi con le proprie stazioni di vendita e produzioni risolti

Update 1.1.0
-  Vengono Considerati allevamenti e produzioni già di proprietà
-  prime piccole modifiche al multiplayer (non ancora compatibile con il multiplayer)]]></it>

		<ru><![CDATA[Менеджер VIP-заказов предлагает фермеру VIP-заказы, состоящие из нескольких продуктов, которые необходимо доставить. 
Для каждой продукции указано количество, которое необходимо доставить, и пункт назначения. В дополнение к активному VIP-заказу, также можно увидеть следующие три VIP-заказа.
Однако доставка будет производится только для текущего заказа.

Нажав CTRL Right + O - в течение нескольких секунд будет отображается текущий заказ. Alt Right + O  - обзор всех VIP-заказов.
Здесь вы также можете отменить текущий VIP-заказ возместив ущерб за часть заказов, которые еще не выполнены.

С каждым VIP-заказом увеличивается текущий уровень, и, следовательно, количество отдельных заказов и объём, который необходимо доставить, а доходы уменьшаются.
В рамках расчета также учитывается площадь полей в собственности. По мере увеличения уровня также учитывается больше продуктов.
Поскольку я предпочитаю играть с небольшими полями, расчет оптимизирован именно для этого.

Уже с FS19 я начал разрабатывать менеджера VIP-заказов, чтобы представлять что-то вроде кампаний. Я хотел сделать игру немного более интересной, намекая мне, что я должен расти.

Многопользовательская игра в настоящее время не поддерживается. 

Я также хотел бы поблагодарить всех мододелов, чьи моды за это время дали мне много идей и решений.

Для любых сообщений об ошибках или предложениях, пожалуйста, посетите: https://github.com/Fetty42/FS22_VIPOrderManager

Update 1.3.3
- Незначительные исправления кода
- в редких случаях ключевые действия были недоступны

Update 1.3.2
- Реализация переключателя "isAnimalOrdersWished"
  Чтобы отключить заказы животных, выполните одно из следующих действий: 
  - Откройте ZIP-файл FS22_VIPOrderManager.zip в папке MOD и замените "isAnimalOrdersWished= true" на "isAnimalOrdersWished= false" в 5-й строке файла VIPOrderManagerDefaults.lua
  или
  - После сохранения соответствующего состояния игры с новой версией VIPOrderManager открыть файл "VIPOrderManager.xml" в соответствующем каталоге "savegame" и заменить в 5-й строке "<isAnimalOrdersWished>true" на "<isAnimalOrdersWished>false". Однако после этого она будет деактивирована только для этого балла

Update 1.3.1
- Исправление невидимых заголовков столбцов
- Незначительные изменения в конфигурации

Update 1.3.0
- Теперь можно отметить местоположение цели (Hotspot)
- Теперь поддерживается заказ животных (продажа происходит автоматически в 8 часов утра при достижении требуемого возраста; здоровье животных должно быть не менее 75%)
- Перевод на французский язык завершен (спасибо BOB51160)

Update 1.2.0
- Поддержка MaizePlus
- Вероятность использования определённого заполнения types
- Перевод на русский язык (спасибо Gonimy-Vetrom)

Update 1.1.1
- Исправлены проблемы с собственными точками продаж и производствами

Update 1.1.0
- Учитывается, есть ли в собственности загоны для животных и производства 
- Первые небольшие корректировки для многопользовательской игры (ещё не совместим с многопользовательской игрой)]]></ru>
    </description>
	
	<iconFilename>icon_VIPOM.dds</iconFilename>
	<multiplayer supported="false" />
	<extraSourceFiles>
		<sourceFile filename="VIPOrderManager.lua" />
	</extraSourceFiles>    
	<actions>
    	<action name="ShowCurrentVIPOrder" category="SYSTEM" />
      	<action name="ShowVIPOrderDlg" category="SYSTEM" />
  	</actions>	
  	<inputBinding>
      	<actionBinding action="ShowCurrentVIPOrder">
        	<binding device="KB_MOUSE_DEFAULT" input="KEY_rctrl KEY_o" />
      	</actionBinding>
      	<actionBinding action="ShowVIPOrderDlg">
        	<binding device="KB_MOUSE_DEFAULT" input="KEY_ralt KEY_o" />
      	</actionBinding>
  	</inputBinding>	
	<l10n>
		<text name="input_ShowCurrentVIPOrder">
			<de>Durchblättern VIP Aufträge</de>
			<en>Flip VIP Orders</en>
			<fr>Inverser les commandes VIP</fr>
			<it>Vedi Ordini VIP correnti</it>
			<ru>Взглянуть VIP-заказы</ru>
		</text>		
		<text name="input_ShowVIPOrderDlg">
			<de>Anzeige des VIP Auftragsdialogs</de>
			<en>Shows VIP Orders Dialog</en>
			<fr>Affiche la boîte de dialogue des commandes VIP</fr>
			<it>Mostra la panoramica degli Ordini VIP</it>
			<ru>Обзор VIP-заказов</ru>
		</text>

	<!-- Abort Dlg -->
		<text name="VIPOrderManager_DlgTitel_AbortCurrentVIPOrder">
			<de>Abbruch aktuellen VIP Auftrag</de>
			<en>Aborting current VIP Orders</en>
			<fr>Annulation des commandes VIP en cours</fr>
			<it>Annulla gli Ordini VIP correnti</it>
			<ru>Отказаться от текущих VIP-заказов</ru>
		</text>
		<text name="VIPOrderManager_DlgMsg_AbortCurrentVIPOrder">
			<de>Du musst eine Abbruchgebühr von %s bezahlen. Für die bereits abgeschlossenen Teilaufträge erhältst du %s.</de>
			<en>You have to pay a aborting fee of %s. For the already completed partial orders you will receive %s.</en>
			<fr>Vous devez payer des frais d'abandon de %s. Pour les commandes partielles déjà terminées, vous recevrez %s.</fr>
			<it>Devi pagare una commissione di %s per l'annullamento. Per gli ordini parziali già consegnati ricevi una somma di %s.</it>
			<ru>За отказ вам необходимо возместить убытки в размере %s. За уже выполненную часть заказов вы получите %s.</ru>
		</text>

	<!-- HUD -->
		<text name="VIPOrderManager_CurrentVIPOrder">
			<de>Aktueller VIP Auftrag</de>
			<en>Current VIP Order</en>
			<fr>Commande VIP en cours</fr>
			<it>Ordine VIP corrente</it>
			<ru>Текущий VIP-заказ</ru>
		</text>
		<text name="VIPOrderManager_NextVIPOrder">
			<de>Nächster VIP Auftrag</de>
			<en>Next VIP Order</en>
			<fr>Prochaine commande VIP</fr>
			<it>Prossimo Ordine VIP</it>
			<ru>Следующий VIP-заказ</ru>
		</text>
		<text name="VIPOrderManager_Payout">
			<de>Auszahlung: %s</de>
			<en>Payout: %s</en>
			<fr>Paiement: %s</fr>
			<it>Pagamento: %s</it>
			<ru>Выплата: %s</ru>
		</text>
		<text name="VIPOrderManager_OrderCompleted">
			<de>Der aktuelle VIP-Auftrag wurde abgeschlossen.</de>
			<en>Current VIP order was completed.</en>
			<fr>La commande VIP actuelle a été complétée.</fr>
			<it>Ordine VIP corrente completato.</it>
			<ru>Текущий VIP-заказ был завершён.</ru>
		</text>
        <text name="VIPOrderManager_Months">
			<de>Monate</de>	
			<en>months</en>
			<fr>Mois</fr>	
			<it>mesi</it>
			<ru>мес.</ru>
		</text>		
        <text name="VIPOrderManager_FreeChoise">
			<de>** Freie Wahl **</de>	
			<en>** Free choice **</en>
			<fr>** Libre choix **</fr>	
			<it>** Scelta libera **</it>
			<ru>** Свободный выбор **</ru>
		</text>		
        <text name="VIPOrderManager_Automatic">
			<de>** Automatisch **</de>	
			<en>** Automatic **</en>
			<fr>** Automatique **</fr>	
			<it>** Automatico **</it>
			<ru>** Автоматический **</ru>
		</text>		
        <text name="VIPOrderManager_Piece">
			<de>Stk.</de>	
			<en>pcs.</en>
			<fr>pcs.</fr>	
			<it>pz.</it>
			<ru>шт.</ru>
		</text>		
        <text name="VIPOrderManager_AnimalsDelivered">
			<de>%s "%s" geliefert für den aktuellen VIP-Auftrag</de>	
			<en>%s "%s" delivered for the current VIP order</en>
			<fr>%s "%s" livrées pour la commande VIP en cours</fr>	
			<it>%s "%s" consegnate per l'ordine VIP in corso</it>
			<ru>%s "%s" доставленных для текущего VIP-заказа</ru>
		</text>		

	<!-- Neuer Dlg -->
        <text name="ui_orderDlg_title">
			<de>Übersicht der VIP-Aufträge</de>
			<en>Overview VIP Orders</en>
			<fr>Aperçu des commandes VIP</fr>
			<it>Panoramica Ordini VIP</it>
			<ru>Обзор VIP-заказов</ru>
		</text>		
        <text name="ui_orderDlg_header_product">
			<de>Produkt</de>	
			<en>Product</en>
			<fr>Produit</fr>
			<it>Prodotto</it>
			<ru>Продукция</ru>
        </text>		
        <text name="ui_orderDlg_header_requested">
			<de>Angefordert</de>	
			<en>Requested</en>
			<fr>Demandé</fr>
			<it>Richiesto</it>
			<ru>Запрошено</ru>
        </text>		
        <text name="ui_orderDlg_header_delivered">
			<de>Geliefert</de>
			<en>Delivered</en>
			<fr>Livré</fr>
			<it>Consegnato</it>
			<ru>Доставлено</ru>
        </text>		
        <text name="ui_orderDlg_header_payout">
			<de>Auszahlung</de>	
			<en>Payout</en>
			<fr>Paiement</fr>
			<it>Pagamento</it>
			<ru>Выплата</ru>
        </text>		
        <text name="ui_orderDlg_header_station">
			<de>Lieferstation</de>	
			<en>Delivery station</en>
			<fr>Poste de livraison</fr>
			<it>Luogo di Consegna</it>
			<ru>Станция доставки</ru>
        </text>		
        <text name="ui_orderDlg_btnClose">
			<de>Schließen</de>	
			<en>Close</en>
			<fr>Fermer</fr>
			<it>Chiuso</it>
			<ru>Закрыть</ru>
		</text>		
        <text name="ui_orderDlg_btnAbort">
			<de>Abbruch des aktuellen VIP Auftrags</de>	
			<en>Abort current VIP Order</en>
			<fr>Annuler la commande VIP en cours</fr>
			<it>Annulla l'Ordine VIP corrente</it>
			<ru>Отказаться от текущего VIP-заказа</ru>
		</text>		
        <text name="ui_orderDlg_btnTagSellPoint">
			<de>Markierung setzen</de>	
			<en>Tag place</en>
			<fr>Mettre un marqueur</fr>
			<it>Impostare il marcatore</it>
			<ru>Установить маркер</ru>
		</text>		
        <text name="ui_orderDlg_btnUntagSellPoint">
			<de>Markierung löschen</de>	
			<en>Untag place</en>
			<fr>Supprimer la marque</fr>
			<it>Cancellare il marcatore</it>
			<ru>Удалить маркер</ru>
		</text>		
        <text name="ui_orderDlg_section_active">
			<de>Level %s - Auszahlung: %s (Aktiv)</de>	
			<en>Level %s - Payout: %s (Active)</en>
			<fr>Niveau %s - Paiement: %s (Actif)</fr>
			<it>Livello %s - Pagamento: %s (Attivo)</it>
			<ru>Уровень %s - Выплата: %s (активный)</ru>
		</text>		
        <text name="ui_orderDlg_section_notactive">
			<de>Level %s - Auszahlung: %s</de>	
			<en>Level %s - Payout: %s</en>
			<fr>Niveau %s - Paiement: %s</fr>
			<it>Livello %s - Pagamento: %s</it>
			<ru>Уровень %s - Выплата: %s</ru>
		</text>		
	</l10n>
</modDesc>
